<window>
	<defaultcontrol>9000</defaultcontrol>
    <allowoverlays>false</allowoverlays>
	<controls>
        <control type="image" id="102">
            <description>bg</description>
            <posx>0</posx>
            <posy>0</posy>
            <width>720</width>
            <height>576</height>
            <fadetime>500</fadetime>           
            <!--texture>background1.jpg</texture-->
        </control>
        <control type="visualisation" id="2130">
            <description>music preview window</description>
            <posx>0</posx>
            <posy>0</posy>
            <width>720</width>
            <height>576</height>
            <visible>true</visible>
            <aspectratio>stretch</aspectratio>
        </control>
        <control type="videowindow" id="101">
            <description>video preview window</description>
            <posx>0</posx>
            <posy>0</posy>
            <width>720</width>
            <height>576</height>
            <visible>true</visible>
            <aspectratio>stretch</aspectratio>
        </control>
               
        <control type="image" id="103">
            <description>bg1</description>
            <posx>0</posx>
            <posy>0</posy>
            <width>720</width>
            <height>576</height>
            <texture>background2e.png</texture>
        </control>
        
        <control type="image" id="104">
            <description>logo</description>
            <posx>10</posx>
            <posy>5</posy>
            <width>16</width>
            <height>16</height>
            <texture>navi-x3.png</texture>
        </control>        
        
        <control type="image" id="105">
            <description>thumb</description>
            <posx>40</posx>
            <posy>90</posy>
            <width>205</width>
            <height>360</height>
            <aspectratio>keep</aspectratio>           
        </control>

        <control type="image" id="126">
            <description>rating</description>
            <posx>80</posx>
            <posy>460</posy>
            <width>100</width>
            <height>32</height>
            <aspectratio>keep</aspectratio>
        </control>
        
        <control type="image" id="118">
            <description>download_logo</description>
            <posx>260</posx>
            <posy>530</posy>
            <width>25</width>
            <height>25</height>
            <texture>icon_download.png</texture>
        </control>

        <control type="label" id="106">
            <description>urllbl</description>
            <posx>65</posx>
            <posy>37</posy>
            <width>500</width>
            <height>40</height>
            <label></label>
            <textcolor>FFFFFFFF</textcolor>
            <font>special13</font>
        </control>
        
        <control type="label" id="119">
            <description>dt</description>
            <posx>30</posx>
            <posy>0</posy>
            <width>270</width>
            <height>40</height>
            <label>label</label>
            <textcolor>FFFFFFFF</textcolor>
            <font>sfont12</font>
        </control>       
        
        <control type="label" id="107">
            <description>version</description>
            <posx>650</posx>
            <posy>2</posy>
            <width>200</width>
            <height>40</height>
            <label>version</label>
            <textcolor>FFFFFFFF</textcolor>
            <font>font10</font>
        </control>
        
        <control type="label" id="108">
            <description>infotext</description>
            <posx>60</posx>
            <posy>530</posy>
            <width>250</width>
            <height>30</height>
            <label>Loading...</label>
            <textcolor>FFFFFFFF</textcolor>
        </control>
        
        <control type="label" id="2108">
            <description>playlist info protocol</description>
            <posx>60</posx>
            <posy>555</posy>
            <width>250</width>
            <height>30</height>
            <label></label>
            <font>font10</font>
            <textcolor>FF00FF00</textcolor>
        </control>
        
        <control type="label" id="109">
            <description>dlinfotext</description>
            <posx>300</posx>
            <posy>530</posy>
            <width>300</width>
            <height>30</height>
            <!--label></label-->
            <textcolor>FFFFFFFF</textcolor>
        </control>
        
        <control type="label" id="110">
            <description>loading</description>
            <posx>270</posx>
            <posy>70</posy>
            <width>250</width>
            <height>30</height>
            <label>Please wait</label>
            <textcolor>FFFFFFFF</textcolor>
        </control>
                
        <control type="label" id="111">
            <description>listpos</description>
            <posx>630</posx>
            <posy>530</posy>
            <width>250</width>
            <height>30</height>
            <label>1 of 5</label>
            <!--textcolor>FFFFFFFF</textcolor-->
            <textcolor>FF2DA2FA</textcolor>
        </control>

    <control type="scrollbar" id="60">
        <description>Scroll Bar list 1</description>
        <visible>true</visible>
        <posx>670</posx>
        <posy>70</posy>
        <width>10</width>
        <height>410</height>
        <onleft>50</onleft>
        <!--onright>71</onright-->
  
        <texturesliderbackground>scrollbar_background1.png</texturesliderbackground>
        <texturesliderbar>scrollbar_bar1.png</texturesliderbar>
        <texturesliderbarfocus>scrollbar_bar_focus1.png</texturesliderbarfocus>
        <textureslidernib>-</textureslidernib>
        <textureslidernibfocus>-</textureslidernibfocus>
        <orientation>vertical</orientation>
        <visible>Control.IsVisible(112)</visible>
    </control>
    
    <control type="scrollbar" id="61">
        <description>Scroll Bar list 2</description>
        <visible>true</visible>
        <posx>670</posx>
        <posy>160</posy>
        <width>10</width>
        <height>310</height>
        <onleft>50</onleft>
        <!--onright>71</onright-->
  
        <texturesliderbackground>scrollbar_background1.png</texturesliderbackground>
        <texturesliderbar>scrollbar_bar1.png</texturesliderbar>
        <texturesliderbarfocus>scrollbar_bar_focus1.png</texturesliderbarfocus>
        <textureslidernib>-</textureslidernib>
        <textureslidernibfocus>-</textureslidernibfocus>
        <orientation>vertical</orientation>
        <visible>Control.IsVisible(120)</visible>
    </control>

    <control type="scrollbar" id="62">
        <description>Scroll Bar list 3</description>
        <visible>true</visible>
        <posx>670</posx>
        <posy>70</posy>
        <width>10</width>
        <height>410</height>
        <onleft>50</onleft>
        <!--onright>71</onright-->
  
        <texturesliderbackground>scrollbar_background1.png</texturesliderbackground>
        <texturesliderbar>scrollbar_bar1.png</texturesliderbar>
        <texturesliderbarfocus>scrollbar_bar_focus1.png</texturesliderbarfocus>
        <textureslidernib>-</textureslidernib>
        <textureslidernibfocus>-</textureslidernibfocus>
        <orientation>vertical</orientation>
        <visible>Control.IsVisible(129)</visible>      
    </control>

    <control type="textbox" id="121">
        <description>Text box</description>
		<posx>270</posx>
		<posy>70</posy>
		<width>400</width>
		<height>70</height>
		<font>font14</font>
        <align>justify</align>
        <autoscroll delay="3000" time="2000" repeat="10000">true</autoscroll>
		<textcolor>FFFFFFFF</textcolor>
        <visible>Control.IsVisible(120)</visible>
	</control>
    
    <control type="textbox" id="123">
        <description>Text box2</description>      
        <posx>270</posx>
        <posy>70</posy>
        <width>400</width>
        <height>300</height> 
		<font>font14</font>
        <align>justify</align>
        <onup>123</onup>
		<ondown>123</ondown>  
        <pagecontrol>124</pagecontrol>
        <!--autoscroll delay="3000" time="2000" repeat="10000">true</autoscroll-->
		<textcolor>FFFFFFFF</textcolor>
	</control>  

        <control type="list" id="112">
            <animation effect="slide" start="720" time="150">WindowOpen</animation>
		    <animation effect="slide" end="720" time="150">WindowClose</animation>
            <description>list1</description>
            <posx>260</posx>
            <posy>70</posy>
            <width>405</width>
            <height>415</height>
            <onup>112</onup>
			<ondown>112</ondown>            
            <pagecontrol>60</pagecontrol>
            <!--onleft>122</onleft-->
            <!--onRight>61</onRight-->
            <!--visible>!Control.HasFocus(123)</visible-->
	    <scrolltime>200</scrolltime>
		<itemlayout height="32">
			<control type="image">
				<posx>3</posx>
				<posy>3</posy>
				<width>28</width>
				<height>28</height>
                <info>ListItem.Icon</info>
			</control>
			<control type="label">
				<posx>40</posx>
				<posy>0</posy>
				<width>350</width>
				<height>32</height>
				<font>font14</font>
				<aligny>center</aligny>
                <selectedcolor>FFe2ff43</selectedcolor>
                <textcolor>FFDDDDDD</textcolor>
                <align>left</align>
				<info>ListItem.Label</info>
			</control>
			<control type="label">
				<posx>400</posx>
				<posy>0</posy>
				<width>220</width>
				<height>32</height>
				<font>font12</font>
				<aligny>center</aligny>
                <selectedcolor>FFe2ff43</selectedcolor>
				<textcolor>FF2DA2FA</textcolor>
				<align>right</align>
				<label>$INFO[ListItem.Label2]</label>
			</control>
		</itemlayout>
		<focusedlayout height="32">          
			<control type="image">
				<width>405</width>
				<height>32</height>
				<posx>0</posx>
				<posy>0</posy>
				<texture>list-focus1.png</texture> 
			</control>
			<control type="image">
				<posx>3</posx>
				<posy>3</posy>
				<width>28</width>
				<height>28</height>
				<info>ListItem.Icon</info>
			</control>
			<control type="label">
				<posx>40</posx>
				<posy>0</posy>
				<width>350</width>
				<height>32</height>
				<font>font14</font>
				<aligny>center</aligny>
                <selectedcolor>FFe2ff43</selectedcolor>
                <textcolor>FFDDDDDD</textcolor>
                <align>left</align>
				<info>ListItem.Label</info>
			</control>
			<control type="label">
				<posx>400</posx>
				<posy>0</posy>
				<width>220</width>
				<height>32</height>
				<font>font12</font>
				<aligny>center</aligny>
                <selectedcolor>FFe2ff43</selectedcolor>
				<textcolor>FF2DA2FA</textcolor>
				<align>right</align>
				<label>$INFO[ListItem.Label2]</label>
			</control>
		</focusedlayout>
        </control>

        <control type="list" id="120">
            <description>list2</description>
            <posx>260</posx>
            <posy>160</posy>
            <width>405</width>
            <height>315</height>  
            <onup>120</onup>
			<ondown>120</ondown>            
            <pagecontrol>61</pagecontrol>
            <!--onleft>122</onleft-->
            <!--visible>!Control.IsVisible(123)</visible-->
	    <scrolltime>200</scrolltime>
		<itemlayout height="32">
			<control type="image">
				<posx>3</posx>
				<posy>3</posy>
				<width>28</width>
				<height>28</height>
                <info>ListItem.Icon</info>
			</control>
			<control type="label">
				<posx>40</posx>
				<posy>0</posy>
				<width>350</width>
				<height>32</height>
				<font>font14</font>
				<aligny>center</aligny>
                <selectedcolor>FFe2ff43</selectedcolor>
                <textcolor>FFDDDDDD</textcolor>
                <align>left</align>
				<info>ListItem.Label</info>
			</control>
			<control type="label">
				<posx>400</posx>
				<posy>0</posy>
				<width>220</width>
				<height>32</height>
				<font>font12</font>
				<aligny>center</aligny>
                <selectedcolor>FFe2ff43</selectedcolor>
				<textcolor>FF2DA2FA</textcolor>
				<align>right</align>
				<label>$INFO[ListItem.Label2]</label>
			</control>
		</itemlayout>
		<focusedlayout height="32">          
			<control type="image">
				<width>405</width>
				<height>32</height>
				<posx>0</posx>
				<posy>0</posy>
				<texture>list-focus1.png</texture>
			</control>
			<control type="image">
				<posx>3</posx>
				<posy>3</posy>
				<width>28</width>
				<height>28</height>
				<info>ListItem.Icon</info>
			</control>
			<control type="label">
				<posx>40</posx>
				<posy>0</posy>
				<width>350</width>
				<height>32</height>
				<font>font14</font>
				<aligny>center</aligny>
                <selectedcolor>FFe2ff43</selectedcolor>
                <textcolor>FFDDDDDD</textcolor>
                <align>left</align>
				<info>ListItem.Label</info>
			</control>
			<control type="label">
				<posx>400</posx>
				<posy>0</posy>
				<width>220</width>
				<height>32</height>
				<font>font12</font>
				<aligny>center</aligny>
                <selectedcolor>FFe2ff43</selectedcolor>
				<textcolor>FF2DA2FA</textcolor>
				<align>right</align>
				<label>$INFO[ListItem.Label2]</label>
			</control>
		</focusedlayout>
        </control>

        <!-- Thumbs panel -->
        <control type="panel" id="129">
            <posx>30</posx>
            <posy>60</posy>
            <width>650</width>
            <height>415</height>
            <onup>129</onup>
            <ondown>129</ondown>                 
            <onleft>122</onleft>
            <!--onright>127</onright-->
            <orientation>vertical</orientation>
            <pagecontrol>62</pagecontrol>
            <scrolltime>200</scrolltime>        
            <itemlayout height="160" width="122">
                <control type="image">
                    <posx>15</posx>
                    <posy>10</posy>
                    <width>110</width>
                    <height>100</height>
                    <aspectratio>keep</aspectratio>
                    <!--info>ListItem.property(custom:icon)</info-->
                    <info>ListItem.Thumb</info>
                </control>
                <control type="label">
                    <posx>70</posx>
                    <posy>115</posy>
                    <width>110</width>
                    <height>25</height>
                    <font>font18</font>
                    <textcolor>ffdddddd</textcolor>
                    <selectedcolor>ffdddddd</selectedcolor>
                    <aligny>center</aligny>
                    <align>center</align>
                    <label>$INFO[ListItem.Label]</label>
                </control>
            </itemlayout>
            <focusedlayout height="160" width="120">   
                <control type="image">
                    <posx>10</posx>
                    <posy>0</posy>
                    <width>120</width>
                    <height>150</height>
                    <aspectratio>keep</aspectratio>
                    <texture>panel-focus1g.png</texture>
                </control>                
                <control type="image">
                    <posx>15</posx>
                    <posy>10</posy>
                    <width>110</width>
                    <height>100</height>
                    <aspectratio>keep</aspectratio>
                    <!--info>ListItem.property(custom:icon)</info-->
                    <info>ListItem.Thumb</info>
                </control>
                <control type="label">
                    <posx>70</posx>
                    <posy>115</posy>
                    <width>110</width>
                    <height>25</height>
                    <font>font18</font>
                    <!--textcolor>ffd58d10</textcolor-->
                    <textcolor>ff00ff00</textcolor>
                    <selectedcolor>ffd58d10</selectedcolor>
                    <aligny>center</aligny>
                    <align>center</align>
                    <scroll>true</scroll>
                    <label>$INFO[ListItem.Label]</label>
                </control>
            </focusedlayout>
        </control>

        <control type="list" id="122">
            <description>list3</description>
            <animation effect="slide" start="-200" time="150" condition="Control.HasFocus(122)">Conditional</animation>
            <animation effect="slide" end="-200" time="150" condition="!Control.HasFocus(122)">Conditional</animation>             
            <posx>0</posx>
            <posy>70</posy>
            <width>200</width>
            <height>370</height>  
            <onup>122</onup>
            <ondown>122</ondown>          
            <!--pagecontrol>2050</pagecontrol-->
	    <scrolltime>200</scrolltime>
		<itemlayout height="40">
			<control type="image">
				<width>200</width>
				<height>40</height>
				<posx>0</posx>
				<posy>0</posy>
				<texture>list-nofocus1.png</texture>
			</control>        
			<control type="image">
				<posx>0</posx>
				<posy>0</posy>
				<width>32</width>
				<height>32</height>
                <info>ListItem.Icon</info>
			</control>
			<control type="label">
				<posx>40</posx>
				<posy>3</posy>
				<width>2000</width>
				<height>32</height>
				<font>font14</font>
				<aligny>center</aligny>
                <selectedcolor>FFe2ff43</selectedcolor>
                <textcolor>FFDDDDDD</textcolor>
                <align>left</align>
				<info>ListItem.Label</info>
			</control>
		</itemlayout>
		<focusedlayout height="40">          
			<control type="image">
				<width>200</width>
				<height>40</height>
				<posx>0</posx>
				<posy>0</posy>
				<texture>list-focus2g.png</texture>
			</control>
			<control type="image">
				<posx>0</posx>
				<posy>0</posy>
				<width>40</width>
				<height>40</height>
				<info>ListItem.Icon</info>
			</control>
			<control type="label">
				<posx>40</posx>
				<posy>3</posy>
				<width>200</width>
				<height>32</height>
				<font>font14</font>
				<aligny>center</aligny>
                <selectedcolor>FFe2ff43</selectedcolor>
                <textcolor>FFDDDDDD</textcolor>
                <align>left</align>
				<info>ListItem.Label</info>
			</control>
		</focusedlayout>
    </control>

        <control type="list" id="127">
            <description>list4</description>
           <animation effect="slide" start="920" time="150" condition="Control.HasFocus(127)">Conditional</animation>
            <animation effect="slide" end="920" time="150" condition="!Control.HasFocus(127)">Conditional</animation>              
            <posx>520</posx>
            <posy>70</posy>
            <width>200</width>
            <height>340</height>  
            <onup>127</onup>
            <ondown>127</ondown>          
            <!--pagecontrol>2050</pagecontrol-->
	    <scrolltime>200</scrolltime>
		<itemlayout height="40">
			<control type="image">
				<width>200</width>
				<height>40</height>
				<posx>0</posx>
				<posy>0</posy>
				<texture>list-nofocus1.png</texture>
			</control>        
			<control type="image">
				<posx>0</posx>
				<posy>0</posy>
				<width>32</width>
				<height>32</height>
                <info>ListItem.Icon</info>
			</control>
			<control type="label">
				<posx>40</posx>
				<posy>3</posy>
				<width>2000</width>
				<height>32</height>
				<font>font14</font>
				<aligny>center</aligny>
                <selectedcolor>FFe2ff43</selectedcolor>
                <textcolor>FFDDDDDD</textcolor>
                <align>left</align>
				<info>ListItem.Label</info>
			</control>
		</itemlayout>
		<focusedlayout height="40">          
			<control type="image">
				<width>200</width>
				<height>40</height>
				<posx>0</posx>
				<posy>0</posy>
				<texture>list-focus2g.png</texture>
			</control>
			<control type="image">
				<posx>0</posx>
				<posy>0</posy>
				<width>40</width>
				<height>40</height>
				<info>ListItem.Icon</info>
			</control>
			<control type="label">
				<posx>40</posx>
				<posy>3</posy>
				<width>200</width>
				<height>32</height>
				<font>font14</font>
				<aligny>center</aligny>
                <selectedcolor>FFe2ff43</selectedcolor>
                <textcolor>FFDDDDDD</textcolor>
                <align>left</align>
				<info>ListItem.Label</info>
			</control>
		</focusedlayout>
    </control>

    <control type="spincontrol" id="124">
        <description>Next page button</description>
		<posx>610</posx>
		<posy>460</posy>
		<subtype>page</subtype>
		<font>font12</font>
       	<textcolor>ffffffff</textcolor>
		<onleft>124</onleft>
		<onright>124</onright>
		<ondown>124</ondown>
		<onup>124</onup>
		<showonepage>true</showonepage>
        <textureup>default-scroll-up.png</textureup>
        <texturedown>default-scroll-down.png</texturedown>
        <textureupfocus>default-scroll-up-focus.png</textureupfocus>
        <texturedownfocus>default-scroll-down-focus.png</texturedownfocus>
        <!--animation effect="slide" time="300" start="600,0" end="0,0" acceleration="-1">WindowOpen</animation-->
        <!--animation effect="slide" time="200" start="0,0" end="600,0" acceleration="1.1">WindowClose</animation-->
		<visible>Control.IsVisible(123)</visible>
    </control>         

    <control type="button" id="125">
        <description>Left Button</description>
        <posx>40</posx>
        <posy>42</posy>
        <width>16</width>
        <height>16</height>
        <align>center</align>
        <aligny>center</aligny>
        <texturenofocus>icon_left.png</texturenofocus>
        <texturefocus>icon_left_focus1.png</texturefocus>
    </control>

    <control type="button" id="128">
        <description>dummy</description>
        <posx>270</posx>
        <posy>450</posy>
        <width>100</width>
        <height>32</height>
        <align>left</align>
        <aligny>center</aligny>
        <label></label>
        <ondown>124</ondown>
		<onright>127</onright>
        <texturenofocus></texturenofocus>
        <texturefocus></texturefocus> 
		<!--visible>Control.IsVisible(123)</visible-->              
    </control>

   <control type="button" id="130">
        <description>Right Button</description>
        <posx>660</posx>
        <posy>42</posy>
        <width>16</width>
        <height>16</height>
        <align>center</align>
        <aligny>center</aligny>
        <texturenofocus>icon_right3.png</texturenofocus>
        <texturefocus>icon_right_focus3.png</texturefocus>
    </control>

    </controls>
</window>