<?xml version="1.0" encoding="utf-8"?>
<window>
  <defaultcontrol>9000</defaultcontrol>
  <allowoverlays>false</allowoverlays>
  <controls>
    <control type="image" id="102">
      <description>background image</description>
      <posx>0</posx>
      <posy>0</posy>
      <width>1280</width>
      <height>720</height>
      <fadetime>500</fadetime>
      <!--texture>background1.jpg</texture-->
    </control>
    <control type="visualisation" id="2130">
      <description>music preview window</description>
      <posx>0</posx>
      <posy>0</posy>
      <width>1280</width>
      <height>720</height>
      <visible>true</visible>
      <aspectratio>stretch</aspectratio>
    </control>
    <control type="videowindow" id="101">
      <description>video preview window</description>
      <posx>0</posx>
      <posy>0</posy>
      <width>1280</width>
      <height>720</height>
      <visible>true</visible>
      <aspectratio>stretch</aspectratio>
    </control>
    <control type="image" id="103">
      <description>background overlay image</description>
      <posx>0</posx>
      <posy>0</posy>
      <width>1280</width>
      <height>720</height>
      <texture>background2e.png</texture>
      <colordiffuse>0xfff5f5f5</colordiffuse>
    </control>
    <control type="image" id="104">
      <description>Navi-X logo top left corner</description>
      <posx>15</posx>
      <posy>4</posy>
      <width>24</width>
      <height>24</height>
      <texture>navi-x3w.png</texture>
      <colordiffuse>0xfff5f5f5</colordiffuse>
    </control>
    <control type="image" id="105">
      <description>thumb image </description>
      <posx>60</posx>
      <posy>100</posy>
      <width>380</width>
      <height>500</height>
      <aspectratio>keep</aspectratio>
    </control>
    <control type="image" id="126">
      <description>rating stars image</description>
      <posx>150</posx>
      <posy>610</posy>
      <width>180</width>
      <height>32</height>
      <aspectratio>keep</aspectratio>
    </control>
    <control type="image" id="118">
      <description>download logo</description>
      <posx>450</posx>
      <posy>670</posy>
      <width>40</width>
      <height>25</height>
      <texture>icon_download.png</texture>
    </control>
    <control type="label" id="106">
      <description>URL label</description>
      <posx>90</posx>
      <posy>45</posy>
      <width>900</width>
      <height>40</height>
      <label></label>
      <textcolor>fff5f5f5</textcolor>
      <font>special13</font>
    </control>
    <control type="label" id="119">
      <description>date and time</description>
      <posx>50</posx>
      <posy>0</posy>
      <width>450</width>
      <height>40</height>
      <label>label</label>
      <textcolor>fff5f5f5</textcolor>
      <!--font>font10</font-->
    </control>
    <control type="label" id="107">
      <description>version label</description>
      <posx>1125</posx>
      <posy>5</posy>
      <width>350</width>
      <height>40</height>
      <label>version</label>
      <textcolor>fff5f5f5</textcolor>
      <font>font10</font>
    </control>
    <control type="button" id="2125">
      <description>Exit Button</description>
      <posx>1250</posx>
      <posy>35</posy>
      <width>22</width>
      <height>22</height>
      <align>center</align>
      <aligny>center</aligny>
      <texturenofocus>navi-x3w.png</texturenofocus>
      <texturefocus>navi-x3.png</texturefocus>
      <colordiffuse>0xfff5f5f5</colordiffuse>
    </control>
    <control type="label" id="108">
      <description>playlist info text</description>
      <posx>100</posx>
      <posy>667</posy>
      <width>450</width>
      <height>30</height>
      <label>Loading...</label>
      <textcolor>FFF5F5F5</textcolor>
      <!--textcolor>FFFFFFFF</textcolor-->
    </control>
    <control type="image" id="2104">
      <description>protocol image</description>
      <posx>48</posx>
      <posy>665</posy>
      <width>48</width>
      <height>48</height>
      <texture>navi-x3w.png</texture>
      <colordiffuse>0xfff5f5f5</colordiffuse>
    </control>
    <control type="label" id="2108">
      <description>playlist info protocol</description>
      <posx>100</posx>
      <posy>690</posy>
      <width>450</width>
      <height>30</height>
      <label></label>
      <font>font10</font>
      <textcolor>FFF5F5F5</textcolor>
    </control>
    <control type="label" id="2109">
      <description>playlist info url</description>
      <posx>200</posx>
      <posy>690</posy>
      <width>750</width>
      <height>30</height>
      <label></label>
      <font>font10</font>
      <textcolor>FFF5F5F5</textcolor>
    </control>
    <control type="label" id="109">
      <description>download info text bottom screen</description>
      <posx>500</posx>
      <posy>670</posy>
      <width>500</width>
      <height>30</height>
      <!--label></label-->
      <textcolor>FFFFFFFF</textcolor>
    </control>
    <control type="label" id="110">
      <description>loading text</description>
      <posx>460</posx>
      <posy>100</posy>
      <width>450</width>
      <height>30</height>
      <label>Please wait</label>
      <textcolor>fff5f5f5</textcolor>
    </control>
    <control type="label" id="111">
      <description>list position</description>
      <posx>1120</posx>
      <posy>670</posy>
      <width>400</width>
      <height>30</height>
      <label>1 of 5</label>
      <!--textcolor>FFFFFFFF</textcolor-->
      <textcolor>fff5f5f5</textcolor>
    </control>
    <control type="scrollbar" id="60">
      <description>Scroll bar for list without info text</description>
      <visible>true</visible>
      <posx>1210</posx>
      <posy>100</posy>
      <width>15</width>
      <height>530</height>
      <onleft>50</onleft>
      <!--onright>71</onright-->
      <texturesliderbackground>scrollbar_background1.png</texturesliderbackground>
      <texturesliderbar>scrollbar_bar1.png</texturesliderbar>
      <texturesliderbarfocus>scrollbar_bar_focus1.png</texturesliderbarfocus>
      <textureslidernib>-</textureslidernib>
      <textureslidernibfocus>-</textureslidernibfocus>
      <orientation>vertical</orientation>
      <visible>Control.IsVisible(112)</visible>
      <colordiffuse>0xfff5f5f5</colordiffuse>
    </control>
    <control type="scrollbar" id="61">
      <description>Scroll bar for list with info text</description>
      <visible>true</visible>
      <posx>1210</posx>
      <posy>220</posy>
      <width>15</width>
      <height>400</height>
      <onleft>50</onleft>
      <!--onright>71</onright-->
      <texturesliderbackground>scrollbar_background1.png</texturesliderbackground>
      <texturesliderbar>scrollbar_bar1.png</texturesliderbar>
      <texturesliderbarfocus>scrollbar_bar_focus1.png</texturesliderbarfocus>
      <textureslidernib>-</textureslidernib>
      <textureslidernibfocus>-</textureslidernibfocus>
      <orientation>vertical</orientation>
      <visible>Control.IsVisible(120)</visible>
      <colordiffuse>0xfff5f5f5</colordiffuse>
    </control>
    <control type="scrollbar" id="62">
      <description>Scroll bar for thumb panel</description>
      <visible>true</visible>
      <posx>1210</posx>
      <posy>100</posy>
      <width>15</width>
      <height>530</height>
      <onleft>50</onleft>
      <!--onright>71</onright-->
      <texturesliderbackground>scrollbar_background1.png</texturesliderbackground>
      <texturesliderbar>scrollbar_bar1.png</texturesliderbar>
      <texturesliderbarfocus>scrollbar_bar_focus1.png</texturesliderbarfocus>
      <textureslidernib>-</textureslidernib>
      <textureslidernibfocus>-</textureslidernibfocus>
      <orientation>vertical</orientation>
      <visible>Control.IsVisible(129)</visible>
      <colordiffuse>0xfff5f5f5</colordiffuse>
    </control>
    <control type="textbox" id="121">
      <description>Playlist description</description>
      <posx>460</posx>
      <posy>100</posy>
      <width>700</width>
      <height>100</height>
      <font>font12</font>
      <align>justify</align>
      <autoscroll delay="3000" time="2000" repeat="10000">true</autoscroll>
      <textcolor>fff5f5f5</textcolor>
      <visible>Control.IsVisible(120)</visible>
    </control>
    <control type="textbox" id="123">
      <description>Playlist item description</description>
      <posx>460</posx>
      <posy>100</posy>
      <width>700</width>
      <height>400</height>
      <font>font14</font>
      <align>justify</align>
      <onup>123</onup>
      <ondown>123</ondown>
      <pagecontrol>124</pagecontrol>
      <!--autoscroll delay="3000" time="2000" repeat="10000">true</autoscroll-->
      <textcolor>fff5f5f5</textcolor>
    </control>
    <control type="list" id="112">
      <animation effect="slide" start="720" time="150">WindowOpen</animation>
      <animation effect="slide" end="720" time="150">WindowClose</animation>
      <description>List in case no info text</description>
      <posx>460</posx>
      <posy>100</posy>
      <width>740</width>
      <height>530</height>
      <onup>112</onup>
      <ondown>112</ondown>
      <pagecontrol>60</pagecontrol>
      <!--onleft>122</onleft-->
      <!--onRight>61</onRight-->
      <!--visible>!Control.HasFocus(123)</visible-->
      <scrolltime>200</scrolltime>
      <itemlayout height="36">
        <control type="image">
          <posx>3</posx>
          <posy>0</posy>
          <width>32</width>
          <height>32</height>
          <info>ListItem.Icon</info>
          <colordiffuse>0xfff5f5f5</colordiffuse>
        </control>
        <control type="label">
          <posx>40</posx>
          <posy>0</posy>
          <width>710</width>
          <height>32</height>
          <font>font14</font>
          <aligny>center</aligny>
          <selectedcolor>FFe2ff43</selectedcolor>
          <textcolor>FFDDDDDD</textcolor>
          <align>left</align>
          <info>ListItem.Label</info>
        </control>
        <control type="label">
          <posx>730</posx>
          <posy>0</posy>
          <width>450</width>
          <height>32</height>
          <font>font12</font>
          <aligny>center</aligny>
          <selectedcolor>FFe2ff43</selectedcolor>
          <textcolor>fff5f5f5</textcolor>
          <align>right</align>
          <label>$INFO[ListItem.Label2]</label>
        </control>
      </itemlayout>
      <focusedlayout height="36">
        <control type="image">
          <width>740</width>
          <height>32</height>
          <posx>0</posx>
          <posy>0</posy>
          <texture>list-focus1.png</texture>
        </control>
        <control type="image">
          <posx>3</posx>
          <posy>0</posy>
          <width>32</width>
          <height>32</height>
          <info>ListItem.Icon</info>
          <colordiffuse>0xfff5f5f5</colordiffuse>
        </control>
        <control type="label">
          <posx>40</posx>
          <posy>0</posy>
          <width>700</width>
          <height>32</height>
          <font>font14</font>
          <aligny>center</aligny>
          <selectedcolor>FFe2ff43</selectedcolor>
          <textcolor>FFFFFFFF</textcolor>
          <align>left</align>
          <info>ListItem.Label</info>
        </control>
        <control type="label">
          <posx>730</posx>
          <posy>0</posy>
          <width>450</width>
          <height>32</height>
          <font>font12</font>
          <aligny>center</aligny>
          <selectedcolor>FFe2ff43</selectedcolor>
          <textcolor>fff5f5f5</textcolor>
          <align>right</align>
          <label>$INFO[ListItem.Label2]</label>
        </control>
      </focusedlayout>
    </control>
    <control type="list" id="120">
      <description>list in case also info text</description>
      <posx>460</posx>
      <posy>220</posy>
      <width>740</width>
      <height>400</height>
      <onup>120</onup>
      <ondown>120</ondown>
      <pagecontrol>61</pagecontrol>
      <!--onleft>122</onleft-->
      <!--visible>!Control.IsVisible(123)</visible-->
      <scrolltime>200</scrolltime>
      <itemlayout height="36">
        <control type="image">
          <posx>3</posx>
          <posy></posy>
          <width>32</width>
          <height>32</height>
          <info>ListItem.Icon</info>
          <colordiffuse>0xfff5f5f5</colordiffuse>
        </control>
        <control type="label">
          <posx>40</posx>
          <posy>0</posy>
          <width>700</width>
          <height>32</height>
          <font>font14</font>
          <aligny>center</aligny>
          <selectedcolor>FFe2ff43</selectedcolor>
          <textcolor>FFDDDDDD</textcolor>
          <align>left</align>
          <info>ListItem.Label</info>
        </control>
        <control type="label">
          <posx>730</posx>
          <posy>0</posy>
          <width>450</width>
          <height>32</height>
          <font>font12</font>
          <aligny>center</aligny>
          <selectedcolor>FFe2ff43</selectedcolor>
          <textcolor>fff5f5f5</textcolor>
          <align>right</align>
          <label>$INFO[ListItem.Label2]</label>
        </control>
      </itemlayout>
      <focusedlayout height="36">
        <control type="image">
          <width>740</width>
          <height>32</height>
          <posx>0</posx>
          <posy>0</posy>
          <texture>list-focus1.png</texture>
        </control>
        <control type="image">
          <posx>3</posx>
          <posy>0</posy>
          <width>32</width>
          <height>32</height>
          <info>ListItem.Icon</info>
          <colordiffuse>0xfff5f5f5</colordiffuse>
        </control>
        <control type="label">
          <posx>40</posx>
          <posy>0</posy>
          <width>700</width>
          <height>32</height>
          <font>font14</font>
          <aligny>center</aligny>
          <selectedcolor>FFe2ff43</selectedcolor>
          <textcolor>FFFFFFFF</textcolor>
          <align>left</align>
          <info>ListItem.Label</info>
        </control>
        <control type="label">
          <posx>730</posx>
          <posy>0</posy>
          <width>450</width>
          <height>32</height>
          <font>font12</font>
          <aligny>center</aligny>
          <selectedcolor>FFe2ff43</selectedcolor>
          <textcolor>fff5f5f5</textcolor>
          <align>right</align>
          <label>$INFO[ListItem.Label2]</label>
        </control>
      </focusedlayout>
    </control>
    <!-- Thumbs panel -->
    <control type="panel" id="129">
      <posx>50</posx>
      <description>Thumb view</description>
      <posy>80</posy>
      <width>1200</width>
      <height>550</height>
      <onup>129</onup>
      <ondown>129</ondown>
      <onleft>122</onleft>
      <!--onright>127</onright-->
      <orientation>vertical</orientation>
      <pagecontrol>62</pagecontrol>
      <scrolltime>200</scrolltime>
      <itemlayout height="180" width="230">
        <control type="image">
          <posx>5</posx>
          <posy>5</posy>
          <width>220</width>
          <height>140</height>
          <aspectratio>keep</aspectratio>
          <!--info>ListItem.property(custom:icon)</info-->
          <info>ListItem.Thumb</info>
        </control>
        <control type="label">
          <posx>115</posx>
          <posy>135</posy>
          <width>200</width>
          <height>55</height>
          <font>font14</font>
          <textcolor>ffdddddd</textcolor>
          <selectedcolor>ffdddddd</selectedcolor>
          <aligny>center</aligny>
          <align>center</align>
          <label>$INFO[ListItem.Label]</label>
        </control>
      </itemlayout>
      <focusedlayout height="220" width="230">
        <control type="image">
          <posx>0</posx>
          <posy>0</posy>
          <width>230</width>
          <height>180</height>
          <aspectratio>stretch</aspectratio>
          <texture>panel-focus1w.png</texture>
          <colordiffuse>0xfff5f5f5</colordiffuse>
        </control>
        <control type="image">
          <posx>5</posx>
          <posy>5</posy>
          <width>220</width>
          <height>140</height>
          <aspectratio>keep</aspectratio>
          <!--info>ListItem.property(custom:icon)</info-->
          <info>ListItem.Thumb</info>
        </control>
        <control type="label">
          <posx>115</posx>
          <posy>135</posy>
          <width>200</width>
          <height>55</height>
          <font>font14</font>
          <!--textcolor>ffd58d10</textcolor-->
          <textcolor>ffffffff</textcolor>
          <selectedcolor>ffdddddd</selectedcolor>
          <aligny>center</aligny>
          <align>center</align>
          <scroll>true</scroll>
          <label>$INFO[ListItem.Label]</label>
        </control>
      </focusedlayout>
    </control>
    <control type="list" id="127">
      <description>Right menu displayed when pressing right key.</description>
      <animation effect="slide" start="250" time="350" condition="Control.HasFocus(127)">Conditional</animation>
      <animation effect="slide" end="250" time="350" condition="!Control.HasFocus(127)">Conditional</animation>
      <posx>1030</posx>
      <posy>200</posy>
      <width>250</width>
      <height>250</height>
      <onup>127</onup>
      <ondown>127</ondown>
      <!--pagecontrol>2050</pagecontrol-->
      <scrolltime>200</scrolltime>
      <itemlayout height="40">
        <control type="image">
          <width>250</width>
          <height>40</height>
          <posx>0</posx>
          <posy>0</posy>
          <texture>list-nofocus1.png</texture>
        </control>
        <control type="image">
          <posx>0</posx>
          <posy>0</posy>
          <width>32</width>
          <height>32</height>
          <info>ListItem.Icon</info>
        </control>
        <control type="label">
          <posx>40</posx>
          <posy>3</posy>
          <width>2000</width>
          <height>32</height>
          <font>font14</font>
          <aligny>center</aligny>
          <selectedcolor>FFe2ff43</selectedcolor>
          <textcolor>fff5f5f5</textcolor>
          <align>left</align>
          <info>ListItem.Label</info>
        </control>
      </itemlayout>
      <focusedlayout height="40">
        <control type="image">
          <width>250</width>
          <height>40</height>
          <posx>0</posx>
          <posy>0</posy>
          <texture>list-focus2w.png</texture>
          <colordiffuse>0xfff5f5f5</colordiffuse>
        </control>
        <control type="image">
          <posx>0</posx>
          <posy>0</posy>
          <width>70</width>
          <height>40</height>
          <info>ListItem.Icon</info>
        </control>
        <control type="label">
          <posx>40</posx>
          <posy>3</posy>
          <width>350</width>
          <height>32</height>
          <font>font14</font>
          <aligny>center</aligny>
          <selectedcolor>FFe2ff43</selectedcolor>
          <textcolor>ff000000</textcolor>
          <align>left</align>
          <info>ListItem.Label</info>
        </control>
      </focusedlayout>
    </control>
    <control type="spincontrol" id="124">
      <description>Next page button</description>
      <posx>1100</posx>
      <posy>580</posy>
      <subtype>page</subtype>
      <font>font12</font>
      <textcolor>ffffffff</textcolor>
      <onleft>124</onleft>
      <onright>124</onright>
      <ondown>124</ondown>
      <onup>124</onup>
      <showonepage>true</showonepage>
      <textureup>default-scroll-up.png</textureup>
      <texturedown>default-scroll-down.png</texturedown>
      <textureupfocus>default-scroll-up-focus.png</textureupfocus>
      <texturedownfocus>default-scroll-down-focus.png</texturedownfocus>
      <!--animation effect="slide" time="300" start="600,0" end="0,0" acceleration="-1">WindowOpen</animation-->
      <!--animation effect="slide" time="200" start="0,0" end="600,0" acceleration="1.1">WindowClose</animation-->
      <visible>Control.IsVisible(123)</visible>
      <colordiffuse>0xfff5f5f5</colordiffuse>
    </control>
    <control type="button" id="125">
      <description>Left Button</description>
      <posx>50</posx>
      <posy>50</posy>
      <width>24</width>
      <height>24</height>
      <align>center</align>
      <aligny>center</aligny>
      <texturenofocus>icon_left.png</texturenofocus>
      <texturefocus>icon_left_focus1.png</texturefocus>
      <colordiffuse>0xfff5f5f5</colordiffuse>
    </control>
    <control type="button" id="128">
      <description>dummy</description>
      <posx>270</posx>
      <posy>450</posy>
      <width>100</width>
      <height>32</height>
      <align>left</align>
      <aligny>center</aligny>
      <label></label>
      <ondown>124</ondown>
      <onright>127</onright>
      <texturenofocus></texturenofocus>
      <texturefocus></texturefocus>
      <!--visible>Control.IsVisible(123)</visible-->
    </control>
    <control type="button" id="130">
      <description>Right Button</description>
      <posx>1200</posx>
      <posy>50</posy>
      <width>24</width>
      <height>24</height>
      <align>center</align>
      <aligny>center</aligny>
      <texturenofocus>icon_right3.png</texturenofocus>
      <texturefocus>icon_right_focus3.png</texturefocus>
      <colordiffuse>0xfff5f5f5</colordiffuse>
    </control>
    
    <control type="group" id="150">
      <description>Left menu displayed when pressing left key.</description>
      <animation effect="slide" start="0" end="0" time="350" condition="Control.HasFocus(122)">Conditional</animation>
      <animation effect="slide" start="0" end="-250" time="350" condition="!Control.HasFocus(122)">Conditional</animation>     
      <posx>0</posx>
      <posy>0</posy>
      <width>287</width>
      <height>720</height>
      <defaultcontrol>122</defaultcontrol>
      <!--onup>2</onup-->
      <!--ondown>3</ondown-->
      <!--onleft>1</onleft-->
      <!--onright>1</onright-->
      <visible>true</visible>
        <control type="image" id="151">
          <description>background image</description>
          <posx>0</posx>
          <posy>0</posy>
          <width>287</width>
          <height>720</height>
          <texture>background_menu_left.png</texture>
          <colordiffuse>0xfff5f5f5</colordiffuse>
        </control>
        <control type="image" id="152">        
         <description>navi-x image</description>
          <posx>30</posx>
          <posy>60</posy>
          <width>180</width>
          <height>70</height>
          <texture>navi-xw.png</texture>
          <colordiffuse>0xfff5f5f5</colordiffuse>
        </control>        
        <control type="list" id="122">
          <description>Left menu displayed when pressing left key.</description>
          <posx>0</posx>
          <posy>150</posy>
          <width>250</width>
          <height>280</height>
          <onup>122</onup>
          <ondown>122</ondown>
          <!--pagecontrol>2050</pagecontrol-->
          <scrolltime>200</scrolltime>
          <itemlayout height="40">
            <control type="image">
              <width>250</width>
              <height>40</height>
              <posx>0</posx>
              <posy>0</posy>
              <!--texture>list-nofocus1.png</texture-->
            </control>
            <control type="image">
              <posx>0</posx>
              <posy>0</posy>
              <width>32</width>
              <height>32</height>
              <info>ListItem.Icon</info>
            </control>
            <control type="label">
              <posx>30</posx>
              <posy>3</posy>
              <width>2000</width>
              <height>32</height>
              <font>font14</font>
              <aligny>center</aligny>
              <selectedcolor>FFe2ff43</selectedcolor>
              <textcolor>fff5f5f5</textcolor>
              <align>left</align>
              <info>ListItem.Label</info>
            </control>
          </itemlayout>
          <focusedlayout height="40">
            <control type="image">
              <width>250</width>
              <height>40</height>
              <posx>0</posx>
              <posy>0</posy>
              <texture>list-focus2w.png</texture>
              <colordiffuse>0xfff5f5f5</colordiffuse>
            </control>
            <control type="image">
              <posx>0</posx>
              <posy>0</posy>
              <width>70</width>
              <height>40</height>
              <info>ListItem.Icon</info>
            </control>
            <control type="label">
              <posx>30</posx>
              <posy>3</posy>
              <width>450</width>
              <height>32</height>
              <font>font14</font>
              <aligny>center</aligny>
              <selectedcolor>FFe2ff43</selectedcolor>
              <textcolor>FF000000</textcolor>
              <align>left</align>
              <info>ListItem.Label</info>
            </control>
          </focusedlayout>
        </control>        
    </control>    
  </controls>
</window>